{"schemaVersion":"1.0","appDefinitionTemplate":{"id":"/providers/Microsoft.PowerApps/apps/","type":"Microsoft.PowerApps/apps","tags":{"primaryDeviceWidth":"640","primaryDeviceHeight":"1136","sienaVersion":"20211117T164804Z-3.21112.22.0","deviceCapabilities":"","supportsPortrait":"true","supportsLandscape":"true","primaryFormFactor":"Phone","publisherVersion":"3.21112.22","minimumRequiredApiVersion":"2.2.0","hasComponent":"true","hasUnlockedComponent":"true","isUnifiedRootApp":"false"},"properties":{"appVersion":"2021-11-17T16:48:04Z","lifeCycleId":"Published","createdByClientVersion":{"major":3,"minor":21112,"build":22,"revision":0,"majorRevision":0,"minorRevision":0},"minClientVersion":{"major":3,"minor":21112,"build":22,"revision":0,"majorRevision":0,"minorRevision":0},"backgroundColor":"rgba(255, 255, 255, 1)","backgroundImageUri":"/9040159697021394613/N98affbbc-816b-42ad-8654-db726b368ff6-logoSmallFile","displayName":"Find a beach 🌴🥥","description":"","commitMessage":"","appUris":{"documentUri":{"value":"/9040159697021394613/N31ccfab8-62df-46bc-a295-aef01cd8b948-document.msapp"},"imageUris":[]},"createdTime":"0001-01-01T00:00:00Z","lastModifiedTime":"0001-01-01T00:00:00Z","sharedGroupsCount":0,"sharedUsersCount":0,"icons":{"smallIconUri":"/9040159697021394613/N3d033d3b-3546-4e59-b3a9-c2a1e91764f1-small.png","mediumIconUri":"/9040159697021394613/Nf0037821-b1c9-42ae-96a8-d1c98e59c385-medium.png","largeIconUri":"/9040159697021394613/N0e65699b-162d-464e-99cd-987b51cd2999-large.png","wideIconUri":"/9040159697021394613/N85ffe487-65df-4605-9a41-ce16a9df0380-wide.png"},"connectionReferences":{"eb2ac995-f071-4f5d-af08-2e2a3187c479":{"id":"647cd58e-41b0-4a48-9956-77cfc1f5dbb3","displayName":"Office 365 Users","iconUri":"https://connectoricons-prod.azureedge.net/releases/v1.0.1528/1.0.1528.2589/office365users/icon.png","dataSources":["Office365Users"],"dependencies":[],"dependents":[],"parameterHints":{},"parameterHintsV2":{},"isOnPremiseConnection":false,"bypassConsent":false,"dataSets":{},"apiTier":"Standard","isCustomApiConnection":false,"actions":["UserPhoto"]},"7cf5a664-eba3-4afe-9367-5a287780dcfa":{"id":"38346e05-a20f-4a1c-acfe-ee873bddaf12","displayName":"Microsoft Translator V2","iconUri":"https://connectoricons-prod.azureedge.net/releases/v1.0.1481/1.0.1481.2460/translatorv2/icon.png","dataSources":["MicrosoftTranslatorV2"],"dependencies":[],"dependents":[],"parameterHints":{},"parameterHintsV2":{},"isOnPremiseConnection":false,"sharedConnectionId":"82738375-594d-4331-8017-1f71daf19930","bypassConsent":false,"dataSets":{},"apiTier":"Standard","isCustomApiConnection":false},"99ce9309-512c-4b06-80a6-0a1677f11f97":{"id":"48912438-338a-4780-9475-7633f7e91b0b","displayName":"SharePoint","iconUri":"https://connectoricons-prod.azureedge.net/releases/v1.0.1533/1.0.1533.2600/sharepointonline/icon.png","dataSources":["Ice cream shop","User preferences","Find a beach App"],"dependencies":[],"dependents":[],"parameterHints":{},"parameterHintsV2":{},"isOnPremiseConnection":false,"bypassConsent":false,"dataSets":{"https://powerpuffkristine.sharepoint.com/sites/PowerPuffTeam":{"dataSources":{"Ice cream shop":{"tableName":"0f39bb10-4cee-446e-aab3-f6882d3b000c"},"User preferences":{"tableName":"532783be-c36f-4874-b933-f236204434d3"}}},"https://powerpuffkristine.sharepoint.com/sites/PowerPuffTeam/App":{"dataSources":{"Find a beach App":{"tableName":"d7336cd0-a2f3-46aa-9aff-5c14643c4ed6"}}}},"apiTier":"Standard","isCustomApiConnection":false,"actions":["providers/PowerPlatform.Governance/Operations/Read"]},"24873812-84b2-4473-a860-8a2590bb3d54":{"id":"98187a80-7631-4618-9b12-97621d704633","displayName":"MSN Weather","iconUri":"https://connectoricons-prod.azureedge.net/releases/v1.0.1531/1.0.1531.2596/msnweather/icon.png","dataSources":["MSNWeather"],"dependencies":[],"dependents":[],"parameterHints":{},"parameterHintsV2":{},"isOnPremiseConnection":false,"bypassConsent":false,"dataSets":{},"apiTier":"Standard","isCustomApiConnection":false,"actions":["CurrentWeather"]},"3ff263b0-2dad-47fb-9e03-e46884dfd609":{"id":"f6fad444-e100-4e20-8a0e-bdfafbba5424","displayName":"Microsoft Translator","iconUri":"https://connectoricons-prod.azureedge.net/releases/v1.0.1445/1.0.1445.2347/microsofttranslator/icon.png","dataSources":["MicrosoftTranslator"],"dependencies":[],"dependents":[],"parameterHints":{},"parameterHintsV2":{},"isOnPremiseConnection":false,"sharedConnectionId":"b83dbcda-e287-4de0-a8e3-3fb04d1501df","bypassConsent":false,"dataSets":{},"apiTier":"Standard","isCustomApiConnection":false,"actions":["TextToSpeech"]}},"databaseReferences":{},"almMode":"Environment","performanceOptimizationEnabled":true,"canConsumeAppPass":true,"executionRestrictions":{"isTeamsOnly":false,"dataLossPreventionEvaluationResult":{"status":"Compliant","lastEvaluationDate":"2021-10-22T23:00:30.6865846Z","violations":[],"violationsByPolicy":[],"violationErrorMessage":"The app uses the following connectors: shared_office365users, shared_translatorv2, shared_microsofttranslator, shared_sharepointonline, shared_commondataservice."}}},"appType":"ClassicCanvasApp","appComponents":[]}}